velocity,angular_velocity,behavioral_state
-0.12097129178051926,-0.18875390548665713,reverse
-0.16902555272198025,-0.2075938733438614,turn_left
-0.05386445878053176,-0.2237340543530662,turn_left
0.09903458352184176,-0.2146016693760673,turn_left
0.12032783805287485,-0.18137636329099813,forward
0.05325027857783729,-0.15329038643913806,pause
0.07780381064048568,-0.14941567349939325,forward
0.07044843735573779,-0.16190104178567524,forward
0.04342235662369368,-0.19071289491129279,pause
0.11576217555782767,-0.21333614946415932,turn_left
0.12338770115498064,-0.23891465923226585,turn_left
0.1260903893745214,-0.2741686112117661,turn_left
0.1205650634714229,-0.2836503198402017,turn_left
0.025636249088752783,-0.27515301708029916,turn_left
-0.04703952081458662,-0.2528203093631281,turn_left
-0.14957703191926836,-0.2460770326846215,turn_left
-0.14015877504815782,-0.2400929080722154,turn_left
-0.16477964274672782,-0.22952318639229327,turn_left
-0.17162396866796756,-0.20060017595436144,reverse
-0.07728597160862058,-0.17444614956047264,reverse
0.10735984520051883,-0.1796344803693516,forward
0.05823530742888738,-0.16660878884710742,pause
0.05696695563947395,-0.12118291993261691,pause
0.0033728802329662942,-0.054378826229293714,pause
-0.011032603082159002,0.008748046972248904,reverse
0.022066594692527166,0.03662710550127066,pause
-0.057747922749352615,0.06461833498043014,reverse
-0.009515898576453042,0.09515193963388371,reverse
0.10333836525775401,0.1351468034320991,forward
0.10729677482214979,0.19026801586472677,forward
0.11229498740040812,0.23805464536329668,turn_right
0.10754746148790312,0.2693693548702883,turn_right
0.07502486184262318,0.28891821207827767,turn_right
0.08720957343525992,0.27311473179229806,turn_right
0.06663665992035793,0.2585315892390297,turn_right
0.035530075334520246,0.2368481108541992,turn_right
0.002633484761846643,0.19135744955343137,pause
-0.012014406256831218,0.1648171098098198,reverse
-0.09376650055519999,0.13166979983257462,reverse
-0.16755847224128037,0.09981772937398739,reverse
-0.1369522604795502,0.058376513591794126,reverse
-0.12450807971563659,0.0492599744032805,reverse
-0.07191255383733743,0.042228178424712,reverse
0.01762318431065353,0.041936472183173035,pause
0.05617127629815235,0.06185638965632738,pause
0.046033715979586186,0.06622357783329973,pause
0.04924340925471695,0.061554555907647364,pause
0.09248149045685548,0.0359790810809067,forward
0.0978704965960345,0.07053727440653858,forward
0.09830078906034195,0.11432656518501928,forward
0.11598988465514935,0.1575718061546823,forward
0.0784600227002592,0.19847164906970782,forward
0.07714045375596489,0.21602594252953458,turn_right
0.010878577788632599,0.22902307998839236,turn_right
-0.05782321281151408,0.2516489239970813,turn_right
-0.14259012853686848,0.26797530391707,turn_right
-0.1565501474423976,0.2602711159659557,turn_right
-0.11793805519558204,0.2592869535875082,turn_right
-0.14516781061628328,0.25754020505191105,turn_right
-0.09174485696752935,0.2672759300404195,turn_right
-0.0035787134549530586,0.2994519561307891,turn_right
0.08684518293452055,0.3027570835045895,turn_right
0.08476017316608574,0.29567813486753547,turn_right
0.16816085060199365,0.286791083555568,turn_right
0.1657364586401839,0.2693333643146972,turn_right
0.10211489873948075,0.23820172499211364,turn_right
0.11309325562544532,0.2063717814931925,turn_right
0.1233477952580805,0.18553986129805564,forward
0.1404454358052334,0.15752053588605847,forward
0.10087152358814587,0.12014371158516796,forward
0.11950410165461432,0.09818698990236321,forward
0.11001586828778936,0.07829922391926707,forward
0.0634051957974407,0.06116551708502685,pause
0.10723348317195706,0.031457921682829855,forward
0.09332724221449941,0.05843588733056834,forward
0.06988996957436279,0.07976460295703332,forward
0.027846299941053174,0.12206823300346681,pause
-0.02193799851898845,0.14787591812451734,reverse
-0.11139034580386059,0.1704449590984637,reverse
-0.10432276304440491,0.17865412307036013,reverse
-0.13685904037227553,0.18269301485029013,reverse
-0.1209417561219958,0.17881250389582115,reverse
-0.1477670022019358,0.17330062595189558,reverse
-0.11779812055127525,0.1762654605318277,reverse
-0.10377029485892927,0.19113372414739302,reverse
-0.02007028570500424,0.20892861885023323,turn_right
0.05313257871241825,0.22289293259436252,turn_right
0.07784586005360628,0.20822569750230555,turn_right
0.0649001727366529,0.20337211895456117,pause
0.04962954233786767,0.2056955166468885,turn_right
0.03932182292008022,0.19005342352121976,pause
0.034561010038123216,0.1587592449492053,pause
0.04836528541155079,0.12861299689619107,pause
0.07248142049788239,0.10664645892883198,forward
0.07139328053518992,0.08967020312364202,forward
0.07889276829636961,0.07015288973055127,forward
0.0779157246640691,0.05280298859435378,forward
0.055147263928260075,0.03742804488842124,pause
0.0717624863793528,0.035182786163524826,forward
0.07591253031992777,0.03818240951688853,forward
0.062437438498610165,0.03117101395627697,pause
0.05466413640835031,0.030632174191664464,pause
0.0626298567310304,0.02859063244494715,pause
0.061843128772181184,0.03847795375861094,pause
0.04047301229283907,0.04272286987839646,pause
0.07015472602819033,0.011952852181963845,forward
0.05340195015459868,-0.02938906991247957,pause
0.0665088239573516,-0.05400231613419135,pause
0.07315224322119428,-0.05052745534410013,forward
0.007362183069157691,-0.025372435780608348,pause
-0.06225280298172133,-0.002826347801566556,reverse
-0.1072088491832822,0.009942045725856039,reverse
-0.1523545112354237,-0.012309014733258355,reverse
-0.13485635835395712,-0.04811153626712234,reverse
-0.12110012742454514,-0.08306599151247748,reverse
-0.13770819189867262,-0.11081569128746387,reverse
-0.11213367119568247,-0.14693831587677506,reverse
-0.15531971931874974,-0.20111455815012177,reverse
-0.091539883493596,-0.26259491136344054,turn_left
-0.10524125655917153,-0.3002862791173268,turn_left
-0.09505792447711481,-0.3041009601750965,turn_left
-0.06172854557063001,-0.298086767289596,turn_left
-0.10247809196562416,-0.29480610159637083,turn_left
-0.12383308457124587,-0.29517185967187154,turn_left
-0.10000747465646297,-0.30979789144044206,turn_left
-0.019053094398586823,-0.3315679922696581,turn_left
0.06752821438022066,-0.33668421545116867,turn_left
0.130498098889652,-0.3273749490426802,turn_left
0.12541908297913795,-0.31365024053692847,turn_left
0.08852097750840307,-0.2997544873067271,turn_left
0.06916878221942893,-0.29669364113868857,turn_left
0.08302717126436211,-0.28539189172600227,turn_left
0.07578314580002761,-0.2625132807214367,turn_left
0.08825138627778743,-0.22974683442879065,turn_left
0.05699280770212917,-0.17709427833242578,pause
0.05091364346428362,-0.12027529462749134,pause
0.05667127654638489,-0.055113516317576196,pause
0.07130930721399203,0.008414249081524815,forward
0.04308939145491202,0.060460304356444367,pause
0.000677182121180862,0.09333285731254758,reverse
-0.0056791251432055,0.12783187233275667,reverse
-0.08151982486835231,0.17437536424211883,reverse
-0.09463723543985808,0.2035536451825399,turn_right
-0.08114287749401435,0.22641628631418467,turn_right
-0.10407102232377521,0.23573638394594312,turn_right
-0.08947945222170091,0.2599781914283208,turn_right
-0.0664182984740325,0.29453749745393326,turn_right
-0.057586640685778595,0.32637278146364174,turn_right
-0.07660227599497614,0.3391264065784018,turn_right
-0.09439755436720469,0.3275956322145169,turn_right
1.6226812702693835e-05,0.31556298929640836,turn_right
0.022493629047417196,0.3035691644085013,turn_right
0.04380540475336087,0.2956120576799592,turn_right
0.04472944722362487,0.26089857179150955,turn_right
0.06969219038861206,0.2050565587124054,turn_right
0.07094398711753382,0.13214733915060364,forward
0.09123161743024087,0.05306150070521507,forward
0.04334548472307034,-0.024062801976874194,pause
0.02836788447747953,-0.11382236600905635,pause
0.04574531869460094,-0.19558060936167615,pause
0.034738784963831065,-0.2748727741650593,turn_left
0.008791963814855171,-0.3480587894371635,turn_left
-0.09979098490778866,-0.41714948601056573,turn_left
-0.12063434124095886,-0.48228201000100074,turn_left
-0.12083245889611705,-0.5370047761543801,turn_left
-0.13739750072067447,-0.5806463966911025,turn_left
-0.11735257965916734,-0.6136118600745508,turn_left
-0.01079554474636949,-0.6339563765026114,turn_left
0.041923032293351196,-0.6402794749358687,turn_left
0.04824154274593276,-0.6319627506412016,turn_left
0.07717884592998413,-0.6168749425062239,turn_left
0.10333367878822591,-0.5597624217929056,turn_left
0.0039212551211461385,-0.4708239076278183,turn_left
-0.04264139983461734,-0.36716725340851286,turn_left
-0.024881372446447992,-0.24538997325431425,turn_left
0.028048143284365768,-0.10799952181145421,pause
0.03460495258523144,0.026118666083793905,pause
0.0147951936928562,0.16642653564786458,pause
-0.000655296289180116,0.2919719687025744,turn_right
-0.008563187838122181,0.3921175199404689,turn_right
-0.0777340161840871,0.47942525721074847,turn_right
-0.054989559988885196,0.52116600190054,turn_right
-0.08083223109289701,0.5404777163146667,turn_right
-0.15259977636344446,0.5401487276329627,turn_right
-0.13633273935236717,0.5346748112510841,turn_right
-0.10707450331466953,0.5414590202683761,turn_right
-0.0006846144727594168,0.5340004576069167,turn_right
0.08526908923793798,0.5064747095546488,turn_right
0.11239710673098856,0.45546686929482794,turn_right
0.08186738224822082,0.40493418117182445,turn_right
0.05089235996083505,0.3579227377723855,turn_right
0.042487134677110634,0.2971405711702346,turn_right
0.021070994481462716,0.22179122445385532,turn_right
0.02026972592997245,0.13957838829754968,pause
0.12654852666229435,0.07832626800233222,forward
0.11737156660752995,0.01740473714741587,forward
0.08501758149667316,-0.04634317345730111,forward
0.13119034326198592,-0.09541808610692576,forward
0.14243498813015024,-0.11771893381403097,forward
0.08304740192092475,-0.12068295003134487,forward
0.1093415307823551,-0.11888972306083868,forward
0.106146264984524,-0.11440902977625757,forward
0.09027953555720046,-0.10181361251500362,forward
0.13014482071026093,-0.06112757289762428,forward
0.07548211893106109,-0.034827915341985836,forward
0.08723131541862511,-0.00222771256300489,forward
0.044358147500079756,0.02136513446652111,pause
0.01920189993516698,0.04043234491581058,pause
-0.03668953346123011,0.06441260841747977,reverse
-0.11522913382429188,0.08598315046085248,reverse
-0.13871101209134623,0.09586853761784346,reverse
-0.14119654977698312,0.0814221845165436,reverse
-0.12405034769723104,0.0826638008199957,reverse
-0.12912722521757353,0.03455954359894454,reverse
-0.09185700243743207,-0.023672404909080846,reverse
-0.12551326474583996,-0.04944516660308347,reverse
-0.13491284957236144,-0.05648488386878095,reverse
-0.11388762674471137,-0.07163107069655904,reverse
-0.1390413888254784,-0.09643539567652065,reverse
-0.09413852682767518,-0.11696538845385408,reverse
-0.0915749015978507,-0.12971293306611886,reverse
-0.11412998950555138,-0.13163540772286242,reverse
-0.12712909690393495,-0.1338399290332279,reverse
-0.04559804304562632,-0.14072678250215995,reverse
0.06379071461038102,-0.13557772412927635,pause
0.1233018852562968,-0.13404276324129782,forward
0.09191431714259603,-0.1575458950172739,forward
0.10611727524107958,-0.17093193912914192,forward
0.09224748102268937,-0.16281404495216345,forward
0.10961837816126793,-0.15278483097256865,forward
0.12295928405325175,-0.15519321772479674,forward
0.11688268491628902,-0.16506332430587303,forward
0.13582333393242169,-0.1583514962591393,forward
0.11368531743578623,-0.12193026073690749,forward
0.12053888648798947,-0.06639414337487445,forward
0.1102564623222278,-0.03493186502073471,forward
0.10887489311066587,-0.041324547620859985,forward
0.07594246239786911,-0.049331226998642716,forward
0.01286065107313158,-0.06374952767189561,pause
-0.04965220051277923,-0.12104188838345455,reverse
-0.11273599098750758,-0.15879360621925243,reverse
-0.15847538946626874,-0.16239153253613053,reverse
-0.13799249893732482,-0.1692259718964556,reverse
-0.1556320267819607,-0.19242575357557687,reverse
-0.12130346608380757,-0.22745598182353152,turn_left
-0.10139721733715447,-0.2514084224628668,turn_left
-0.1419087364527386,-0.24756654910350842,turn_left
-0.12122731984038541,-0.23190626198249162,turn_left
-0.12040382582486724,-0.2308976257503266,turn_left
0.0098204083211232,-0.2355357553103918,turn_left
0.07486138726183848,-0.21975872945055305,turn_left
0.11310814649750608,-0.21603882140474684,turn_left
0.15097428044290073,-0.2217060241087182,turn_left
0.15589385506364553,-0.19571409742669843,forward
0.14747037026579857,-0.15583830408932434,forward
0.1544356981433002,-0.11321974314120195,forward
0.13416074094951122,-0.07699859283898731,forward
0.11344507579355723,-0.039823783209278575,forward
0.1148067543338228,-0.003632553286469061,forward
0.1489054259459147,0.045360798660676126,forward
0.10643279881314861,0.09981312969024657,forward
0.10352161202616272,0.11800013877838987,forward
0.11891205294099315,0.12028585724466519,forward
0.033067811511530466,0.12158752964521985,pause
0.019986667894408398,0.1010038342064077,pause
0.025929320955767273,0.09693637577731593,pause
0.04323231637485705,0.10876725701086426,pause
0.06134019504258532,0.11725642313439312,pause
0.05445558481507002,0.11226821584798861,pause
0.1040105676367027,0.09081410329558572,forward
0.11554745216208687,0.06714293559295367,forward
0.1332699580275853,0.050578435672197344,forward
0.10931314425864347,0.047422516924441306,forward
0.08074451475690471,0.0510846606057424,forward
0.09037664983441751,0.0551043331147144,forward
0.0394733905253156,0.04022064708046776,pause
-0.002787870642440798,0.01782363969328957,reverse
-0.1356973233858221,-0.03557852037795901,reverse
-0.1720440549658494,-0.10149440995635034,reverse
-0.16196986378823333,-0.15967998158469088,reverse
-0.13995885403935318,-0.18851877804166753,reverse
-0.1489526951506983,-0.20542632143199666,turn_left
-0.10531297602760455,-0.22285073142114306,turn_left
-0.14852468278223613,-0.23109615662594557,turn_left
-0.14773734238622008,-0.23617336255812207,turn_left
-0.10725843003799555,-0.23968417124655292,turn_left
-0.12306019506627881,-0.2613007907088336,turn_left
-0.13690566120794906,-0.2935757350897968,turn_left
-0.11831841871958336,-0.3004258605398424,turn_left
-0.09399208131829381,-0.3173019784790313,turn_left
0.010255477461658663,-0.3388833924171622,turn_left
0.09193648122162618,-0.34876807669078197,turn_left
0.15457619573488113,-0.34416314633416295,turn_left
0.13483081300457514,-0.32971894887786624,turn_left
0.14239428122208111,-0.3057355221738742,turn_left
0.12107059971995757,-0.2858180771162521,turn_left
0.11181162299057562,-0.2697997980561124,turn_left
0.09686153570315209,-0.23420946782400617,turn_left
0.08802184445956508,-0.18376970778636698,forward
0.09381200528944401,-0.1288270494800494,forward
0.0976060195795929,-0.07139998119101877,forward
0.0933340326996365,-0.011059461482946965,forward
0.06848768574304463,0.044127695556799774,pause
0.025029206680886783,0.08087091771942524,pause
-0.017192590930127868,0.09194916160523049,reverse
-0.10058261698924222,0.0919475365371698,reverse
-0.14819855320108508,0.0864475180968118,reverse
-0.16661673905023577,0.10759925115514438,reverse
-0.08382924033172112,0.13077122525302665,reverse
-0.13066033861626297,0.1565705664706394,reverse
-0.1223157862682597,0.18188123216949065,reverse
-0.14089323587014993,0.2130382842370844,turn_right
-0.15643678375701417,0.23748978829906295,turn_right
-0.1289213186363346,0.24893857755342,turn_right
-0.09300840665653935,0.2551343814874427,turn_right
-0.08188625427936018,0.25747583753008296,turn_right
-0.11380489117956225,0.26388347393070005,turn_right
-0.10525904620632813,0.2676132875890396,turn_right
-0.06683572517332892,0.2663108692452073,turn_right
0.08686466450393525,0.2729964234065356,turn_right
0.1140149194315438,0.282218512413602,turn_right
0.047581467722514974,0.2755919686701873,turn_right
-0.0027921805848588645,0.28893090129056603,turn_right
0.09060113144312944,0.31369791223276694,turn_right
0.14849010385035372,0.3259900078496019,turn_right
0.1154275549505732,0.31196372277822676,turn_right
0.11544245819285488,0.2942999515996016,turn_right
0.12651401147517735,0.2747673339055603,turn_right
0.10772442606561325,0.2633857602123905,turn_right
0.12889528842308837,0.24735022164667556,turn_right
0.10078207253008693,0.22700035885141465,turn_right
0.08824964800359832,0.16335166584336966,forward
0.09262606187372509,0.11773335309503458,forward
0.07611921218736944,0.08561801003369376,forward
0.053531110057184465,0.04330744303936697,pause
0.02572049104177281,0.005911056602025988,pause
0.025667502107495486,0.0033645094126006675,pause
0.06268318499395253,0.01101589599708609,pause
0.03306721929785129,0.003266454402212767,pause
0.03312327215716723,-0.014444055431038076,pause
0.04746841210953583,-0.028723929297580855,pause
0.07676041260441308,-0.03588666895741702,forward
0.07020265058119893,-0.046174332036346376,forward
0.009972890351340595,-0.0624605871336367,pause
0.0007583353064719573,-0.06279319384341413,reverse
-0.0656632922776654,-0.04218513391864226,reverse
-0.10985834191879763,-0.03418316188978464,reverse
-0.10320832827235596,-0.04360914239589725,reverse
-0.09338990413260408,-0.044492385219300094,reverse
-0.10226604294607573,-0.03821933734528395,reverse
-0.11126830748868399,-0.021504524695345653,reverse
-0.11207816890114454,-0.0014137177025209773,reverse
-0.1302977205589627,0.025543818462152857,reverse
-0.14380432610393049,0.045998220058513416,reverse
-0.13416562890262798,0.05720842753400921,reverse
-0.12792534331293234,0.0704157237118117,reverse
-0.09151059777269697,0.07267895488881902,reverse
-0.0996955488131357,0.07917245971546004,reverse
-0.13674853112646163,0.08626623757800671,reverse
-0.1210934207886673,0.08963042165904044,reverse
-0.06845665064713942,0.08506637310330066,reverse
-0.0506554307201657,0.08628133473454776,reverse
0.004418170797215196,0.10850487897955703,pause
0.07422900299696746,0.12509395428887335,forward
0.07096086548345336,0.12526567860174043,forward
0.14938218878029083,0.12930449715409373,forward
0.12698644255676103,0.14094170956381877,forward
0.11087867102362359,0.1476941166558998,forward
0.11190512556066294,0.13441553421963617,forward
0.11180599507682672,0.11522817479614263,forward
0.10891862031095044,0.10603962018637596,forward
0.10130368966022812,0.10889139664478066,forward
0.08785806399207069,0.10596087098685612,forward
0.10387851409286993,0.0910734481489476,forward
0.11253710670940835,0.06842170356952947,forward
0.08488793352834327,0.03713186614156458,forward
0.07122419320279821,0.023526481398353363,forward
0.07986290060926524,0.035543304981666246,forward
0.07715072190595408,0.037911441191037315,forward
0.08256977898574032,0.03508370428771315,forward
0.07327158051731718,0.04503400317413467,forward
0.05211911015677648,0.032285330526199814,pause
0.04678320409030148,0.02348630655440648,pause
0.03132338751511662,0.03183285163864688,pause
0.07186748281234595,0.03719887481825913,forward
0.08936706955986669,0.0338522172125347,forward
0.0720450278252796,0.016569244559082093,forward
0.08937195310922166,0.0055081528152605246,forward
0.08898263367060798,0.010676714806747282,forward
0.06633144026834902,0.014420256690523058,pause
0.07286103604983088,0.012124975315320858,forward
0.0701592700011564,0.012000811310486914,forward
0.04805343721680066,0.017667212491461845,pause
0.050772306901425944,0.017684593231138298,pause
0.0333399220414065,0.009575290538372356,pause
0.0214090639308834,0.0035096978509206638,pause
-0.017130693634167308,0.001558342728291972,reverse
-0.10222047504670771,-0.0017117594076449928,reverse
-0.11784069723568505,-0.022949543509476412,reverse
-0.1409021918263019,-0.05892289998530204,reverse
-0.09984466913193968,-0.09360289455215527,reverse
-0.09686345010529883,-0.1153857666519762,reverse
-0.12054542987387219,-0.1205025176298309,reverse
-0.1436141160641541,-0.13941122567880004,reverse
-0.10362797935705265,-0.17236297999690717,reverse
-0.11470664612202998,-0.16662929820788636,reverse
-0.0991952122276823,-0.162994315838915,reverse
-0.1069378019120573,-0.19043210349154735,reverse
-0.11642539998432676,-0.2126899333667102,turn_left
-0.10742026308183167,-0.21599476014714156,turn_left
-0.016926084238484435,-0.21533383425230326,turn_left
0.031466635156242644,-0.2116544191659069,turn_left
0.0993556618066346,-0.21600131254506721,turn_left
0.11835147768645382,-0.2109070107764298,turn_left
0.1182251834933077,-0.18667644498140465,forward
0.11930321616007293,-0.16321565569566104,forward
0.08758367557940766,-0.1578526875676266,forward
0.0860929123635446,-0.1750133893175683,forward
0.07537366443352331,-0.18947801183104118,forward
0.046598754662800175,-0.20024237041396586,pause
0.022652019543040473,-0.19491487036647562,pause
-0.00023937625526238503,-0.16810400263796732,reverse
-0.061464883907554384,-0.14132212841577663,reverse
-0.10727268014203943,-0.1362879993168866,reverse
-0.10160792754679511,-0.15722677199209303,reverse
-0.11014144581725266,-0.16181769647969457,reverse
-0.1401907988700101,-0.14037411942157593,reverse
-0.13705717318285904,-0.09866059590795168,reverse
-0.07408225614174507,-0.08126871841075055,reverse
0.017795558537606226,-0.08614220649612002,pause
0.0690455551617115,-0.06572620648659103,pause
0.06683235542266601,-0.02228767090336531,pause
0.09692409291948609,0.00646869212876322,forward
0.10308760325955975,0.018580037340661573,forward
0.13744760257178676,0.04095721137476072,forward
0.10432283161383055,0.05380565184737066,forward
0.13644116048718702,0.08509288529541098,forward
0.06402037906688143,0.12192757832979932,pause
0.07598984663634041,0.15671644627066128,forward
0.0919472178809916,0.19584740275564994,forward
0.11985116597442146,0.21802169607066463,turn_right
0.11458494960788473,0.22513698538158866,turn_right
0.10277490318727941,0.22169523892086598,turn_right
0.10366109434452991,0.19315747929930902,forward
0.12091403609696494,0.16061722620320407,forward
0.13918915660158188,0.13868535815901845,forward
0.10648123717432113,0.13361337216470387,forward
0.09260943460375096,0.1269376185551419,forward
0.06230426984868116,0.10927484826518033,pause
0.06506690150784927,0.08909005210140984,pause
0.12231714507448382,0.06937164967481328,forward
0.10707198600675409,0.06683241651581674,forward
0.10649868690077686,0.0801506744811764,forward
0.09776009367787904,0.08662143017068467,forward
0.0922535201907316,0.062222786413955136,forward
0.06706422880418668,0.020376166324445947,pause
0.07193461499198828,-0.00021160739074174695,forward
0.07167004930359912,0.005770780576783388,forward
0.08556585486910068,0.017847274186522388,forward
0.12557524963182715,0.022703861982370864,forward
0.10030956211794587,0.004559525345286177,forward
0.03741056496897471,-0.01880243198488226,pause
-0.016621626405513637,-0.018954911649519478,reverse
-0.09656741653356402,-0.004771365006131826,reverse
-0.1280163704106237,-0.003521830814351504,reverse
-0.13550784746806246,-0.02508005227459721,reverse
-0.12905660038282057,-0.05463306589884345,reverse
-0.12712920589505075,-0.1106712673533094,reverse
-0.11687784914753795,-0.1768600830669443,reverse
-0.07869084475189346,-0.23982396970617206,turn_left
-0.10508422777008698,-0.31199729253912695,turn_left
-0.13957511559958888,-0.35833298913498995,turn_left
-0.147810318195588,-0.40020958048936134,turn_left
-0.12837196591195854,-0.4547502755173774,turn_left
-0.09685438836764491,-0.5023842423970631,turn_left
-0.14498249864076376,-0.5328288113508723,turn_left
-0.13874136450182759,-0.5496828561022847,turn_left
-0.09042392094801431,-0.5442717777785967,turn_left
-0.026353797976472512,-0.5295402900231991,turn_left
0.016178294038762805,-0.51298126455219,turn_left
0.10683858683098628,-0.4868885731022892,turn_left
0.06139055684676693,-0.4436332312632229,turn_left
0.050199551664912995,-0.37087573067704827,turn_left
0.031150654448405132,-0.25932378387630406,turn_left
0.0027604583520084336,-0.12332909794364094,pause
-6.356769124838527e-05,9.513100503717557e-05,reverse
-0.011513781943092867,0.11226299774268773,reverse
0.0032160552803701652,0.22529765556840686,turn_right
-0.058421516651466665,0.3553924261534963,turn_right
-0.045228615681416964,0.46416839126209974,turn_right
-0.05381775820713402,0.5437394329225846,turn_right
-0.10527238664779735,0.6133134430970251,turn_right
-0.11692778506270382,0.6674261636170942,turn_right
-0.10408701129743238,0.677127892561578,turn_right
-0.05404934079130411,0.6769604343752311,turn_right
0.06595772821658914,0.6881028530449953,turn_right
0.10226686952560318,0.6772531572283399,turn_right
0.12667104502510684,0.6463008817595712,turn_right
0.11397069535298368,0.5902655718115644,turn_right
0.10295422005161865,0.5370525216153155,turn_right
0.12439009528246604,0.47038363042999537,turn_right
0.09431343889754239,0.3930066046407458,turn_right
0.08203229489851781,0.3106245185329291,turn_right
0.12728264337407627,0.23742134751185848,turn_right
0.11339218247080979,0.17229727744013898,forward
0.11417296710460202,0.09428434675736007,forward
0.10207320182738795,0.03153507383523734,forward
0.11515531241327766,-0.000891679686505579,forward
0.09260348267186558,-0.007568486102942342,forward
0.11360290729073513,-0.008997811038430304,forward
0.10550937274346164,-0.01161022764956328,forward
0.08257102644864976,-0.0012668859308962827,forward
0.11669597408529286,0.016595473716974868,forward
0.08325358400336867,0.031600085074251404,forward
0.0804452310510535,0.04982773080456368,forward
0.08806333842282366,0.07212169335983999,forward
0.09755152156694818,0.07216225029219796,forward
0.10120734930776555,0.07119567458776915,forward
0.08921131504256215,0.06470715483568255,forward
0.04906049231493145,0.062078915907180995,pause
0.08190495972150917,0.07762880077201274,forward
0.07724955207687534,0.09728336615538416,forward
0.07324622337711685,0.09352893528114505,forward
0.06210237141739819,0.0798097398064437,pause
0.0593355627117514,0.08379950152716784,pause
0.04402556689339025,0.09391365404390163,pause
0.009121906519254538,0.08581759687516063,pause
0.050772914840645875,0.05206388892596723,pause
0.08421409296280696,0.028902220666256764,forward
0.0730221487460672,0.03294878405049279,forward
0.04798544271491009,0.029340403160831818,pause
0.058663040746227996,0.002757357088963843,pause
0.09677768904092249,-0.008764869823272904,forward
0.08300963627066534,-0.0036534391636217534,forward
0.09319548456401351,-0.0071989367652278554,forward
0.07815288073919173,-0.024314280370692044,forward
0.04841909410972433,-0.027673784237879917,pause
0.060476964875548586,-0.013157059150444423,pause
0.06497962292045892,-0.017997623758435954,pause
0.051508173529965375,-0.032481215658023074,pause
0.07945145566519901,-0.020895321406193188,forward
0.03461614359891388,0.008215426054488871,pause
0.011972386507326568,0.028045197180092102,pause
-0.0013305531404026723,0.04272483821180246,reverse
-0.07178813516314332,0.04598261533533166,reverse
-0.1183416386058425,0.04110674300841176,reverse
-0.14318207860866303,0.01622994236295095,reverse
-0.1283633203263342,-0.021455497498319567,reverse
-0.11493516904916237,-0.04575139851223413,reverse
-0.12101708418508693,-0.05714203848581218,reverse
-0.11814140553536466,-0.06980054123946239,reverse
-0.1402691520432238,-0.091739269810892,reverse
-0.14000806000922747,-0.11301155164606692,reverse
-0.084081174761749,-0.13584267143211218,reverse
-0.09425697389706021,-0.15680398095330386,reverse
-0.13101130572708908,-0.15732773512262213,reverse
-0.11487090108600394,-0.16888081014474693,reverse
-0.04717186934985007,-0.181312017411405,reverse
0.006831637289775178,-0.19278079523422303,pause
0.0991493776093932,-0.2050041987979846,turn_left
0.1385355989592093,-0.2072256677088911,turn_left
0.13109580349434868,-0.19054499643909273,forward
0.16683920414258382,-0.17041931862095222,forward
0.12907250720534022,-0.16127619569212967,forward
0.1481447458224141,-0.15600591547822848,forward
0.09250990195568351,-0.1309565721934988,forward
0.04929875931020049,-0.0756680845357378,pause
0.007650775033094931,-0.0020656564662042912,pause
-0.05130677992018309,0.0629901648019442,reverse
-0.12491579927747937,0.09456345341886911,reverse
-0.11025576722282732,0.08618308515474327,reverse
-0.11253808906456494,0.026349252738420204,reverse
-0.10044373863219552,-0.05183625172371961,reverse
-0.13033311729919908,-0.10425181165655575,reverse
-0.11148079698564332,-0.14460926241753597,reverse
-0.14990759614750326,-0.19679345270220264,reverse
-0.14374376227045232,-0.24829911005338956,turn_left
-0.0840677965949624,-0.29038957116241965,turn_left
-0.07729972488815488,-0.28444797943934547,turn_left
-0.1183213167860469,-0.2916166748170475,turn_left
-0.11297776457665297,-0.29885235686670736,turn_left
-0.11450160104793827,-0.3062430843663169,turn_left
-0.0031600178676773603,-0.3040312041128246,turn_left
0.11028531442392604,-0.31257926219389015,turn_left
0.08044179550771315,-0.3123508809813386,turn_left
0.023459451256177707,-0.2925191569542606,turn_left
0.032986300457535256,-0.2622831480297643,turn_left
0.018826399713617038,-0.24241492565106065,turn_left
0.024976153144040027,-0.24256798400292767,turn_left
0.0955580233364781,-0.22942626573196617,turn_left
0.13431245270911646,-0.18474434275682974,forward
0.16317784952372938,-0.12159987617929811,forward
0.1272421806068521,-0.03612916100486697,forward
0.14840768548435262,0.03529493493454578,forward
0.13265964658309734,0.10504046918433461,forward
0.12226944282363056,0.16378911140753133,forward
0.11976957857259785,0.17811921108415515,forward
0.08571008005547713,0.17416166848132028,forward
0.1079780632028703,0.16207626199014688,forward
0.0673758960633529,0.15582219272217526,pause
0.09581601318046577,0.11835261840714079,forward
0.11785559685459211,0.07808513653112491,forward
0.09917654211566575,0.029886737649973242,forward
0.14332497710955092,0.028090935433346564,forward
0.09221236294182483,0.03863687213285029,forward
0.09638316220340509,0.02543814396912587,forward
0.038358758686320056,-0.007369622375342727,pause
0.03704120889953614,-0.04530353676122065,pause
0.010906325609791165,-0.10343040390634504,pause
-0.08394900683326768,-0.15425285411383907,reverse
-0.1401331191195874,-0.17822653930149748,reverse
-0.15238380193981957,-0.21157851124339674,turn_left
-0.13069092815023908,-0.25753901466153356,turn_left
-0.12526913464699974,-0.31054636407517916,turn_left
-0.12163238921089087,-0.35218296858880743,turn_left
-0.09762272320434401,-0.3848611496768086,turn_left
-0.14736315748195664,-0.40945602292262584,turn_left
-0.15464665387240417,-0.43052725899969563,turn_left
-0.11308552115867797,-0.4385947343507784,turn_left
0.0024805695154927238,-0.45067938618133213,turn_left
0.08609446005930219,-0.4424970822653307,turn_left
0.14018891332777955,-0.42864485290326576,turn_left
0.14212429516390138,-0.42195714481206603,turn_left
0.15127745303974677,-0.40316195967490337,turn_left
0.1391999021541052,-0.3566697402816038,turn_left
0.13595995009838166,-0.30981503501191415,turn_left
0.13081088050660694,-0.27699555926095615,turn_left
0.12074757763873704,-0.2531408763188596,turn_left
0.08956899318214305,-0.22043064417144437,turn_left
0.10031538969309711,-0.17033286866126318,forward
0.06447941619726251,-0.11586366094834198,pause
0.09151591978632355,-0.08665815513432383,forward
0.10407033617971884,-0.08137137674260042,forward
0.08524260835466684,-0.08985651398128897,forward
0.06190218624324935,-0.09115502372919755,pause
0.023312640461285797,-0.07106160493898142,pause
0.03527182445854583,-0.06791834299806952,pause
0.06244175629586786,-0.06847939578823814,pause
0.06699790594957435,-0.06455251250616836,pause
0.056473638173669884,-0.05469500133478598,pause
0.04666153469319392,-0.06388741331173303,pause
0.09577027537546133,-0.07008262542878757,forward
0.09723407259852154,-0.06832624486605955,forward
0.06415857341948966,-0.05433969540927563,pause
0.06613697784502785,-0.047116813496677734,pause
0.08025530830867479,-0.03678721031751432,forward
0.10138852035304173,-0.02261862912271952,forward
0.09047620236940733,-0.02662927004785984,forward
0.03352445654724628,-0.035671049683085106,pause
-0.007553456492009603,-0.015694051271000722,reverse
-0.0799244602618306,0.024523351758997204,reverse
-0.10159950269138132,0.06729283053504677,reverse
-0.10119596490850463,0.09665044398297704,reverse
-0.09338990035514733,0.09760683463092173,reverse
-0.10495348165530742,0.06909987004310132,reverse
-0.10367706656202916,0.08204541349433413,reverse
-0.11764502653670168,0.10909987827554968,reverse
-0.12848899415550696,0.11383920407092628,reverse
-0.12673665121798858,0.10393669770759108,reverse
-0.11628772577166867,0.08992982229823537,reverse
-0.1639739039553783,0.07083573164391194,reverse
-0.13493757199077588,0.06835310223434002,reverse
-0.07201818338860377,0.07579835869852491,reverse
-0.0750947522251505,0.10855283985262176,reverse
-0.11289452636660774,0.13614486565719733,reverse
-0.09076700011009585,0.13575844184273755,reverse
-0.06388796045315527,0.1257708544816366,reverse
0.05862877792657523,0.1352806610576974,pause
0.12423413010565323,0.1452533291842234,forward
0.07038836019664824,0.13714672656671742,forward
0.02379263907901614,0.1404293869764709,pause
0.08447951967941535,0.16188489759563726,forward
-0.029941538656200667,0.17841571164384148,reverse
-0.01803418149861151,0.1766865506723971,reverse
0.07334653526720303,0.1665065367195624,forward
0.1504257760093256,0.15663897937604093,forward
0.13861710319551385,0.1628865951755003,forward
0.15038600231765772,0.18114049144335212,forward
0.12435570298983091,0.19071009679849038,forward
0.11064553822199197,0.1706911023130562,forward
0.12957636660338248,0.12694632586772384,forward
0.10119751646897479,0.13733407339976353,forward
0.11321533471117662,0.127358838538899,forward
0.08031237619980129,0.10191371838621681,forward
0.07781282698479582,0.06877470822725712,forward
0.12351149900422098,0.03765967500170947,forward
0.1031281346308878,0.023146051696000872,forward
0.09282691211123771,0.02708962624999581,forward
0.12398103738553212,0.03149986666149659,forward
0.0851635759059366,0.038691011319626295,forward
0.10479784279831895,0.028234743835739727,forward
0.12432594183920177,0.02040492626442372,forward
0.12957327111200315,0.027498780657474856,forward
0.09709484237537325,0.03169546205051583,forward
0.08192405631669511,0.01577058291903377,forward
0.08323458898791174,-0.012338130611891976,forward
0.08722505010011453,-0.03223627770366378,forward
0.06701212401916205,-0.03153775911057986,pause
0.08501810267134026,-0.01780335943781711,forward
0.10153545201582527,-0.008717522729514898,forward
0.0784547641096141,-0.01443588832243079,forward
0.11113187088655953,-0.02223621870960272,forward
0.09520342040007077,-0.022149640532345014,forward
0.11918053417540592,-0.01414190229892176,forward
0.1085747933797733,-0.019875330682859623,forward
0.1356915764756478,-0.02469923728897464,forward
0.09604724394950004,-0.0030686991676091013,forward
0.10750269467446592,0.010177734381899341,forward
0.10753430483009539,-0.00016491594517605446,forward
0.10032683127950416,-0.017027943310579535,forward
0.1236212270298051,-0.0069495313412336005,forward
0.09532721272763225,0.026318727136489143,forward
0.10846017630762415,0.052792776098057326,forward
0.047798116116274825,0.06806023053620557,pause
0.02530389552920023,0.06202983795624812,pause
0.08404351129725193,0.05599522064879376,forward
0.12127994025272316,0.06743515837171099,forward
0.11782928750493343,0.09456016700892783,forward
0.12201975949594997,0.10961936372899152,forward
0.15220356822021486,0.11789476716812436,forward
0.12341147368533806,0.10856651091376189,forward
0.10425439334156023,0.10635477864791905,forward
0.10255687331934671,0.10671200826043087,forward
0.10806383670460697,0.1071851201168677,forward
0.12100954745763849,0.1031256331874944,forward
0.08759858313026547,0.09475796731304471,forward
0.08207521644929276,0.0942864797180205,forward
0.09102827310777582,0.0910023204524463,forward
0.06347203571862169,0.07814433918996984,pause
0.07520174947658932,0.036272406368046184,forward
0.12370142525042875,0.0008699559578622205,forward
0.10577926946076144,-0.019857461349363545,forward
0.08334533122343918,-0.02442216946904413,forward
0.07285625993352834,-0.029073790044468473,forward
0.06510229940896861,-0.04995938359251455,pause
0.07401421632570039,-0.05210161947825576,forward
0.09219932439886121,-0.051980168471990155,forward
0.08078153052220202,-0.06352845683197111,forward
0.08690018314287368,-0.0743668145890838,forward
0.07444406545446855,-0.07567390173221651,forward
0.06730550747362699,-0.0830058552409228,pause
0.08499064769184476,-0.07590777691020979,forward
0.07019220659394608,-0.05540399483138558,forward
0.045028067235716666,-0.030609473409218702,pause
0.10049843082025127,-0.013033968989475337,forward
0.049455342455777346,-0.011173875223776148,pause
0.002021645264137306,-0.016100946005850728,pause
-0.06516555643944404,-0.0347036485177835,reverse
-0.09827379745222696,-0.0656464542855123,reverse
-0.10910910321380647,-0.10441224189984223,reverse
-0.07803528023743209,-0.14203580926609363,reverse
-0.10632475232366999,-0.1664839514215414,reverse
-0.10909073438773183,-0.17718954760984307,reverse
-0.1417185749773896,-0.197835593660856,reverse
-0.10721657873378503,-0.24286025841965123,turn_left
-0.11271255909345267,-0.27945743732857925,turn_left
-0.10955516478053397,-0.3158965085125894,turn_left
-0.10337227816466293,-0.3547317796143929,turn_left
-0.087529903969087,-0.3652027062731589,turn_left
0.040932322403551914,-0.3660231576701365,turn_left
0.10944788240647162,-0.38013257806349593,turn_left
0.08249068203028,-0.39185129879311165,turn_left
0.11178129155310625,-0.40466709736355316,turn_left
0.09130169645540166,-0.3985971682428289,turn_left
0.1611413050328809,-0.3741253403882147,turn_left
0.13483939735541492,-0.35219381597416893,turn_left
0.12706313823314164,-0.33980819667652196,turn_left
0.16083446250865946,-0.3251581044157811,turn_left
0.14858619559241737,-0.2923194037133594,turn_left
0.12757478431816652,-0.2309027415272182,turn_left
0.09836079667167767,-0.16354282603968504,forward
0.14076261485510508,-0.12040377492004527,forward
0.09052280836375882,-0.10611838910147017,forward
0.08603941617817869,-0.10160652942799357,forward
0.06435507975950726,-0.08408511346024297,pause
0.07167672583521484,-0.05454183262305454,forward
0.10607363138624218,-0.024368989897016233,forward
0.0694463834267685,-0.001390759262124333,pause
0.06303739339439328,0.010660798620106231,pause
0.06603628409529347,0.02557289831751615,pause
0.135974265760024,0.050194248182325374,forward
0.09405938653158653,0.07756886711852161,forward
0.13489222736376713,0.09456114402614439,forward
0.12189673450550526,0.09597151479885882,forward
0.0878523763266707,0.10347013295504116,forward
0.09095880339130337,0.08839531524799814,forward
0.10454209963543741,0.07773005605997246,forward
0.07992053507462243,0.07676705761627016,forward
0.08919992070434649,0.09058147737122597,forward
0.12834252632594745,0.0936224270449062,forward
0.10995034793133454,0.09156005267077046,forward
0.0992507469661354,0.0805176644539311,forward
0.0888072937178356,0.05564656961699011,forward
0.09044094528290171,0.03285074716179445,forward
0.057419952771131856,0.0154660506570577,pause
0.09247785718498673,0.026612413090250035,forward
0.09473075930409797,0.02523823768038376,forward
0.11473471189353364,0.00022668138894895682,forward
0.14956446432181736,-0.038919556893653055,forward
0.1473528044365025,-0.055835481752877156,forward
0.12650864393147804,-0.05474389750694028,forward
0.12704276217094848,-0.054811325029153424,forward
0.05438497386439841,-0.04547752201782754,pause
-0.11712863533636787,-0.04268108437281777,reverse
-0.07239722951841393,-0.04429706917805454,reverse
-0.018367704243213715,-0.04034463947250233,reverse
0.006720795932729123,-0.03309973805746176,pause
0.04910037588270264,-0.02264995637008652,pause
0.09877917420976055,0.00961062355031974,forward
0.11636822788454278,0.02272457605779923,forward
0.13054749928039097,0.017154307162315273,forward
0.10769526347460455,0.002277150733518168,forward
0.04762732485694684,0.004875938445787698,pause
0.007916342603040378,0.02249638441614876,pause
0.016855553075572495,0.04020282770691814,pause
0.10926399377934731,0.04510042923332931,forward
0.12472973835444832,0.04307030211204789,forward
0.12747552947969865,0.03739816836463741,forward
0.1223732776835765,0.025629609912331087,forward
0.09014060652564417,0.02807901773115465,forward
0.09266532824730866,0.040551497868984876,forward
0.1260471778372579,0.05245748118750157,forward
0.10775810670204462,0.03901568199224905,forward
0.09596586596598644,0.012492540342941677,forward
0.08832273744892574,0.0015809960124618626,forward
0.1128964910371915,0.013968352937275268,forward
0.09573845534605616,0.016686015043901128,forward
0.09620154764468464,0.01682120171115323,forward
0.09502259938194041,0.020962589189287912,forward
0.09540679898660458,0.02623563134056842,forward
0.0906109835306078,0.02939220294486893,forward
0.09268336780484526,0.020488396890574776,forward
0.11978259426729969,0.012450946746409482,forward
0.0908515513972488,0.0246343910961178,forward
0.10320038951965986,0.02286922727945145,forward
0.07363497272425344,0.013480313305873697,forward
0.07567348991409607,0.006608238890562228,forward
0.06078516752273271,-0.010275982401702364,pause
0.1122181361599982,-0.01469804818512801,forward
0.10295457752702791,-0.008312557771889799,forward
0.08907906578312796,0.009184344748433918,forward
0.09251440603492775,0.0124314054154804,forward
0.1075030371068169,0.006638844100961952,forward
0.08701926275805083,-0.007261482804464125,forward
0.07367930325215541,-0.008239002729774889,forward
0.0614474281908532,0.009175355769977862,pause
0.08078376936916824,0.02119338714947949,forward
0.06232294056486258,0.012832316000837203,pause
0.012659407629693331,0.009652296323614678,pause
-0.021160194848835603,0.022382619676565664,reverse
-0.08993651672167827,0.053374412393555136,reverse
-0.09044979469384522,0.09352338811743659,reverse
-0.1139887667735986,0.1127746565421602,reverse
-0.11139588048702408,0.1284142790638467,reverse
-0.09745417899251353,0.13862880970262903,reverse
-0.10305636199431464,0.14638922606016871,reverse
-0.10101872406644624,0.15331855196543923,reverse
-0.09228977805979778,0.15651373279636724,reverse
-0.1193013945265713,0.1565984326205402,reverse
-0.09472124448442708,0.1504004589382647,reverse
-0.004035643143248997,0.1470307942937457,reverse
0.05492719773085392,0.1386878537940477,pause
0.06214798418263658,0.1149598783518231,pause
0.11158245211933462,0.08508962446575347,forward
0.15540762332258035,0.05243772040011234,forward
0.12905347041620704,0.03187454983240185,forward
0.1241454248036597,0.031338477156551664,forward
0.09184801950906123,0.028732403507018837,forward
0.07832914178109063,0.02536865651179335,forward
0.08046245573584813,0.014798447724097143,forward
0.048997189552962915,0.003044291180588082,pause
0.036288396999434806,-0.011233606664275154,pause
0.030043086655736084,-0.03497007114357049,pause
0.06155547755136347,-0.050723717208481484,pause
0.05230781468551451,-0.04581477210620923,pause
0.05372922445650037,-0.036218221093170626,pause
0.0456767607574061,-0.018165108417898024,pause
0.061438622010654094,-0.0012836833964201576,pause
0.043768091740530604,0.007867719205978112,pause
0.07438377420680417,0.01241985126018435,forward
0.08144779320820049,0.008741670369216276,forward
0.08933362778654469,0.011006879702144551,forward
0.10072361247785239,0.03409577220665561,forward
0.10207151006089325,0.04274098666095675,forward
0.11111485040575074,0.033744740390973166,forward
0.09941151885425886,0.03658532180300364,forward
0.09700700841641309,0.03429812563809955,forward
0.06569742113348458,0.02589538363997163,pause
-0.0077707891969277165,0.027511002609473277,reverse
-0.09923766190538708,0.03335793061899337,reverse
-0.10660151484167685,0.029587068500102353,reverse
-0.13166597273218272,0.02753815012938242,reverse
-0.11063476055112609,0.027251239713476278,reverse
-0.07972536607836594,0.03555587468481931,reverse
-0.11341208398792478,0.047138339334923944,reverse
-0.1223254362872991,0.059755184925935165,reverse
-0.12373098662566234,0.06784949474501306,reverse
-0.10179043048707458,0.07777329504502443,reverse
-0.1039072167478539,0.09072493815624687,reverse
-0.0938019852314357,0.10012960045523028,reverse
-0.07015047966785531,0.09244961565653455,reverse
-0.11252605294085317,0.06259571585150808,reverse
-0.12024645755929664,0.01673256486879963,reverse
-0.10771263220235887,-0.04071412979104327,reverse
-0.09532306868309405,-0.10182597816108058,reverse
-0.1059539331263953,-0.14385095516968935,reverse
-0.09020900151799899,-0.17386425035444966,reverse
-0.07639152328913944,-0.18910617636051152,reverse
-0.04994294225104825,-0.20325769959688256,reverse
-0.06946204773545427,-0.22767961997616828,turn_left
-0.1065664677072669,-0.2416379003651663,turn_left
-0.07882386187425419,-0.26243408422817927,turn_left
-0.07828702327641392,-0.28647170812335054,turn_left
0.006794693021277065,-0.2961125336628481,turn_left
0.11646320140990546,-0.2725952857286459,turn_left
0.09600871303167882,-0.24323110800278042,turn_left
0.013608846654012102,-0.22630327154973262,turn_left
0.14355229760349653,-0.22047702835874042,turn_left
0.1236676597995375,-0.20266174237324977,forward
0.10246025865271467,-0.1808867441183505,forward
0.10797353682097363,-0.16614074371553006,forward
0.08858551721592112,-0.14381851450344393,forward
0.11265777216750793,-0.09412215109580817,forward
0.10492537994969714,-0.029196794595994068,forward
0.08786004441939853,0.038176917071634626,forward
0.07338000769124038,0.087036963607496,forward
0.07330635373962696,0.11016899606849555,forward
0.11558900950754375,0.10122641349337241,forward
0.08258606831079911,0.0837454736641567,forward
0.06380985039831971,0.07871826629626034,pause
0.06876149274283617,0.09179959201569797,pause
0.06708315098064718,0.10722162455037597,pause
0.058631830767861465,0.10604183947962492,pause
0.0655159838167776,0.10552971019825236,pause
0.06330272353145462,0.11574713384104882,pause
0.06807829606492953,0.13410583343141833,pause
0.10322018624075863,0.1377938490662122,forward
0.1070242172199951,0.12432956507258486,forward
0.09214350824495493,0.10180335847423931,forward
0.06748079294900512,0.09000137289091868,pause
0.07348043589332588,0.10033074840468369,forward
0.08515973536084408,0.120918603222221,forward
0.14907548983820157,0.13473303327724193,forward
0.08603431529762615,0.14362440896430462,forward
0.07485278039991587,0.15885462345920676,forward
0.07661834473357673,0.14496123828056165,forward
0.07438194957727706,0.10944303573044757,forward
0.10830510919380959,0.08702595334726461,forward
0.09043290075434109,0.07036860195818741,forward
0.06652930618973073,0.05905610686967227,pause
0.052137951131895385,0.05095493517033864,pause
0.051593373163831814,0.03503496045411584,pause
0.042928113977318605,0.02362109717633991,pause
0.06747778579501984,0.017648211320733256,pause
0.07110702050605062,0.03111914051330832,forward
0.12598315199115326,0.040923322086018905,forward
0.08210982190623904,0.03707780749158471,forward
0.08143077253093195,0.023456498717360233,forward
0.09019077151136184,0.0031688543847594656,forward
0.08745261855338082,-0.006371142763022886,forward
0.035522770965834276,-0.0027817953382417975,pause
-0.01181037836593571,0.007965776350802896,reverse
-0.09225808666216846,0.006014260234629541,reverse
-0.10517582515967407,-0.0016295608852013755,reverse
-0.10654360695834778,-0.027404142590268608,reverse
-0.08981543052264081,-0.0412543974869167,reverse
-0.09274423933965183,-0.03550574210533098,reverse
-0.1052382687063893,-0.004534257656123261,reverse
-0.08617212978325135,0.03271950363055883,reverse
-0.06886706785250789,0.06971277276511875,reverse
-0.042223213826086514,0.09352128355018295,reverse
-0.07549742858704754,0.0825325293885324,reverse
-0.09087994442265458,0.05126858365182819,reverse
-0.09379722054805403,0.011946997058304565,reverse
-0.10423051671869482,-0.044312999170927694,reverse
-0.10913759002941495,-0.08717116356472049,reverse
-0.07813364171527393,-0.11300482555886086,reverse
-0.09734435434434269,-0.13196820808119172,reverse
-0.08599871242538058,-0.14005066410816466,reverse
-0.07408028023994417,-0.13379769373953324,reverse
-0.07407810864718213,-0.11800675674955735,reverse
-0.08038817284259527,-0.11025406145963705,reverse
-0.09397834028527753,-0.12751480423354425,reverse
-0.019213420314886265,-0.13300823604257364,reverse
0.014984951524879627,-0.13324426894416794,pause
0.07665065042250403,-0.12929246073862205,forward
0.06031356211962,-0.11502562784434738,pause
0.101575471261914,-0.09207706448799292,forward
0.09834899079166691,-0.08759604783905076,forward
0.06737169228810024,-0.09224836756900982,pause
0.09251227326789618,-0.08958780223358193,forward
0.06850661001570033,-0.07406461804568137,pause
0.07531349243793052,-0.04513166886329493,forward
0.06763272889396163,-0.01052836578327045,pause
0.06528674729718556,0.026195669559606196,pause
0.08944579517409647,0.06604360674555816,forward
0.0736177587397956,0.0903984979988016,forward
0.0751456142537397,0.09510681732876358,forward
0.058845187372134206,0.08842425918610684,pause
0.05010419150658429,0.07186194992435019,pause
0.055783692674167405,0.05169849311550336,pause
0.057063568345739564,0.03553214704887968,pause
0.06671524770114833,0.026978297423585363,pause
0.049855430422710637,0.033848877792801296,pause
0.04816872447134171,0.04568031407757809,pause
0.061477214053240886,0.055959563782505745,pause
0.03672053718090896,0.0628036931489905,pause
0.047398310474855515,0.05339185952799654,pause
0.03280529615238063,0.045530622151987395,pause
0.04062675205261772,0.04739864152463812,pause
0.03965401618639385,0.05013507653708986,pause
0.020629780305643833,0.04922306340886461,pause
0.021157792643248474,0.04578980319954808,pause
0.01715727886170688,0.03131663299183132,pause
0.0018096740105450807,0.013307312602782504,pause
0.0007519712176140606,0.0014921942541413697,reverse
0.005349642538779696,-0.0030756241372044534,pause
0.026071747370112284,-0.0018514409003294215,pause
0.015605299111386745,-0.0007795711822241303,pause
-2.459558671239146e-05,-0.010252872626572287,reverse
-0.03652311857945329,-0.020713237755572017,reverse
-0.07446197223291916,-0.031220096148610984,reverse
-0.04943464623697159,-0.045220070251846496,reverse
-0.03860708111622378,-0.05377669300176185,reverse
-0.04416114678110064,-0.06681594110240516,reverse
-0.042268919024079206,-0.08861768693043864,reverse
-0.04188869066718573,-0.11946350614591222,reverse
-0.058575022481838525,-0.16311035175594235,reverse
-0.06061597772016944,-0.19518595840944464,reverse
-0.05467061867677105,-0.20681061592366812,turn_left
-0.0559868191225464,-0.20933968732129013,turn_left
-0.06208990237007279,-0.21076974817161778,turn_left
-0.06111252013833219,-0.20686580921541775,turn_left
-0.058609596728557756,-0.19813959195474942,reverse
-0.05369728868481551,-0.19152364385092066,reverse
-0.054701230050426465,-0.18960957792264418,reverse
-0.06301240938877724,-0.1855248464405669,reverse
-0.025630170176360878,-0.18838026321313797,reverse
0.004666453543084239,-0.19209345336133649,pause
0.03602611790496483,-0.1880798973773188,pause
0.0382685036647502,-0.1795141013538576,pause
0.05567913709232275,-0.17096683640199348,pause
0.050383243327724855,-0.16262774397658336,pause
0.03267256863034459,-0.15164150880520103,pause
0.02622051218449828,-0.13312080083545533,pause
0.033623365938899426,-0.0996492934652154,pause
0.04533962476116849,-0.041531866022777135,pause
0.02855862438223553,0.026225387731842145,pause
0.008323583635923547,0.09441315382484344,pause
-4.160541489317357e-05,0.15518491869496262,reverse
-0.00882066765426797,0.2069516789515463,turn_right
-0.04647963927220385,0.2361924533009711,turn_right
-0.04604640685462416,0.2548494628883767,turn_right
-0.03941598240371629,0.26474723120139193,turn_right
-0.05171995567890559,0.26149792523057214,turn_right
-0.06300612029686946,0.2524169240787302,turn_right
-0.060495682481912394,0.24183668959697036,turn_right
-0.05475194765545428,0.24067994515814561,turn_right
-0.011514534614969953,0.24794846729753267,turn_right
0.04186147386079083,0.2596297387105858,turn_right
0.06375286703100637,0.26791903510213505,turn_right
0.05584310438257506,0.2709768833001705,turn_right
0.04871988493267354,0.27593592797172434,turn_right
0.06820203191916886,0.2635105253612437,turn_right
0.06877707497219689,0.23899232189602826,turn_right
0.05653657557430859,0.21696478627031474,turn_right
0.03953505946225852,0.19122312468816846,pause
0.040691626074944726,0.15055245952662585,pause
0.04016314273219687,0.10438536012574068,pause
0.044484766961454834,0.05774778334907557,pause
0.043418472410504935,0.019076982883969508,pause
0.038783813301664284,-0.004501244956979063,pause
0.04653313370467683,-0.01084167368795597,pause
0.03241742612201607,-0.012138520037264544,pause
0.03598731440251742,-0.006175192050913562,pause
0.054569332921409246,0.004818551969592364,pause
0.04551669144578154,0.019291499042060997,pause
0.032999954241972544,0.015469333898880834,pause
0.02930529002633253,0.016411780174615108,pause
0.03067431365187314,0.031084290157705412,pause
0.020004338844634997,0.04218397361388701,pause
0.018415540348884655,0.044283299284577964,pause
0.03334670984801142,0.03363911344639063,pause
0.03397613333523574,0.019542080553037366,pause
0.026888786427755978,0.00642268825010503,pause
0.027618876846839693,-0.0031117673864858434,pause
0.022779311420627633,-0.0056647432325812085,pause
0.020575583805252897,-0.007738133721626195,pause
0.01223197792669952,-0.0003290121852260318,pause
0.043723277573097234,0.0032836675605178237,pause
0.024925020827706507,0.0009467658488869352,pause
0.015255812972203358,0.007519533290343358,pause
0.017168138636454774,0.01786311782364062,pause
0.033794135579866255,0.019969078636161798,pause
0.037342577028338916,0.008459457105617607,pause
0.04438540707652975,-0.009623381791758817,pause
0.035208195372241874,-0.01519081362021339,pause
0.030066677064533552,-0.011176676090405586,pause
0.03286795729208352,-0.008029203513210341,pause
0.03494439723895303,-0.02319713238819445,pause
0.04631579281904018,-0.0368270868130649,pause
0.04302217056656836,-0.041901150577566576,pause
0.04185199999202836,-0.04823151092430225,pause
0.03793075883440692,-0.05733800888851259,pause
0.029370856885164963,-0.055936876845829916,pause
0.03052488455833253,-0.03136295370507978,pause
0.055851609601995145,-0.0036092554876153322,pause
0.0592161039015507,0.011507692078781948,pause
0.04876617644582668,0.013551909473722017,pause
0.03158358622286838,0.01788093597469476,pause
0.021993339662684516,0.02490298911569334,pause
0.03077340681928536,0.026916245995125248,pause
0.030206394149827412,0.014183858978724366,pause
0.035439370143913414,-0.010755117492460041,pause
0.022861164955856918,-0.028014993767887852,pause
0.04214695202931898,-0.03981469050730605,pause
0.048349830584891756,-0.049394506988300675,pause
0.04066171396736369,-0.04763690446354816,pause
0.05588688325858622,-0.027167361931293214,pause
0.058432186245547205,-0.002611804515820208,pause
0.055286893174855696,-0.005678961664079008,pause
0.051898418629973145,-0.018924615970091697,pause
0.03470598549870925,-0.015494598179342914,pause
0.02739068078979948,0.004788537087056558,pause
0.04432286443462972,0.019887792566927423,pause
0.03033587376926028,0.00979823736306328,pause
0.021838941968338743,-0.015367579334908036,pause
0.04448435376552426,-0.03985216678949943,pause
0.044221817886277236,-0.06996682771269988,pause
0.065254777819396,-0.08518425328506186,pause
0.05149458099795535,-0.08987147455838294,pause
0.04911191878134355,-0.08759461599317801,pause
0.0919727297560589,-0.07303825793240228,forward
0.06146644473508805,-0.07407767223277144,pause
0.0509050366598293,-0.07455969332771661,pause
0.05086140404373154,-0.04782470743144033,pause
0.061154431582295124,-0.005975930470133081,pause
0.03160635752318979,0.03953018065172475,pause
0.030197563836410524,0.0663398657981486,pause
0.011765449140365442,0.07746230561033142,pause
0.018127910953094503,0.0796267546890988,pause
0.056527048351630416,0.08699538737233813,pause
0.08019849647901708,0.08162670430804533,forward
0.01784211025740283,0.07490742090669497,pause
0.0005017918994561839,0.07559588497852979,reverse
-0.03528527425586856,0.08751292161248507,reverse
-0.06451594627114786,0.08479983378802829,reverse
-0.011490851780250865,0.06876091231181823,reverse
0.054084823941976896,0.0683794050505391,pause
0.07427151984335947,0.08063676937229394,forward
0.08298740178455444,0.088967789025891,forward
0.08034949762116873,0.083101346315117,forward
0.0656936660792679,0.07262840916370647,pause
0.05416420074191537,0.06388465697876214,pause
0.036281051147272605,0.05604057783490644,pause
0.0737073377135069,0.05306899483297864,forward
0.08819535579736293,0.04119957598978273,forward
0.07766280066173105,0.012483641172166967,forward
0.07198894427554924,-0.01083615644787456,forward
0.009082606938584757,-0.04203181490938564,pause
-0.021846568337894737,-0.06618604403586385,reverse
-0.07603809506626906,-0.06926036448752063,reverse
-0.10551624711772446,-0.059844849649939344,reverse
-0.1099692619236393,-0.039379470279661904,reverse
-0.07503001871430831,-0.01350027938807634,reverse
-0.07385928802662634,0.016799968869051815,reverse
-0.088442040433871,0.042118775554042386,reverse
-0.10152625550031132,0.06758714991544809,reverse
-0.08575135055611932,0.06773718401969173,reverse
-0.07136969626066762,0.055671033972635856,reverse
-0.046965995632160376,0.04436244772072048,reverse
-0.03897393200493125,0.04095407742292723,reverse
-0.07579452600994252,0.03681422622453435,reverse
-0.07652592915988277,0.045153722809460006,reverse
-0.08350741959598985,0.07181076444484842,reverse
-0.06354222135303605,0.11306150757688903,reverse
-0.06944627522058573,0.14604498213063577,reverse
-0.07293404963136595,0.16891164659775096,reverse
-0.0879119328301728,0.20558542317460374,turn_right
-0.06938906798029709,0.23591375974735454,turn_right
-0.07097768707920328,0.2702380074707468,turn_right
-0.06806394453523351,0.3077261862633919,turn_right
-0.07513138493084127,0.3211869134007434,turn_right
-0.09446849450147153,0.3215764317544483,turn_right
-0.07967443818269858,0.3165657791246578,turn_right
-0.08049022197899264,0.3070722143271755,turn_right
-0.015463186414863717,0.289072892960035,turn_right
0.0199918451871942,0.26308177907182667,turn_right
0.033376137432681446,0.23419223822493282,turn_right
0.03694774546722363,0.20956179782802964,turn_right
0.08637273593485581,0.18915919820765553,forward
0.07584558935403413,0.16805452802378573,forward
0.07442725785067277,0.12623414585337264,forward
0.03631222317133532,0.05666562220160591,pause
0.0009784134888894374,-0.03132834924949729,reverse
-0.017286952693101498,-0.12436887147296781,reverse
-0.06044300384984929,-0.2079045787178431,turn_left
-0.07330830384695328,-0.2777298079062476,turn_left
-0.07193497738643727,-0.33557410648684116,turn_left
-0.07025098770361163,-0.3757733648116554,turn_left
-0.07161915189692106,-0.3877534032011272,turn_left
-0.09245615113719335,-0.38826410458166416,turn_left
-0.09348823043399586,-0.3940099250842266,turn_left
-0.0860303887009703,-0.4062561921501377,turn_left
-0.07026866352902525,-0.4045718885820889,turn_left
-0.003834183039322515,-0.40879660134935736,turn_left
0.038988739980057294,-0.39729918141862547,turn_left
0.047839929894428784,-0.36629168673071527,turn_left
0.06585152966841465,-0.3387498670641533,turn_left
0.05464186722055766,-0.3002899186105838,turn_left
0.07107052274022878,-0.2595715729965862,turn_left
0.046186176733792134,-0.22183311957978585,turn_left
0.05447438849501512,-0.1798518330154413,pause
0.0754684213344627,-0.1290086655146738,forward
0.047146167019936944,-0.08110383159857193,pause
0.03777169142270303,-0.038357620804043216,pause
0.046883485603357616,0.009606844346220562,pause
0.047974340371496865,0.06396014877607037,pause
0.06262714938734386,0.10169816803666343,pause
0.05035844776014097,0.1183450662916259,pause
0.04959309053588228,0.11945892279552996,pause
0.05310482097823885,0.10140865590493534,pause
0.05758845310507169,0.08593324021477401,pause
0.04804319972656947,0.07991715164082587,pause
0.041298584460019064,0.07478691749389405,pause
0.052653327018747954,0.06672146788607677,pause
0.039876285401972224,0.05696634821954793,pause
0.03481986059819105,0.050249195011074464,pause
0.027610011617899888,0.04013814784552068,pause
0.02139950411341085,0.010506339142406522,pause
0.013647127877163412,-0.02761941136657873,pause
0.024272351200178864,-0.06491804780779728,pause
0.03670717533480747,-0.08649273961702279,pause
0.05096352381065506,-0.09538341562666625,pause
0.04038729693657817,-0.10820717686725131,pause
0.028689129669724,-0.1278193943125735,pause
0.016205306348911434,-0.14167835284250418,pause
0.013131667762917682,-0.15604696685114886,pause
0.01569318348119479,-0.16831174372303567,pause
0.025065605509216472,-0.16821170785790457,pause
0.03712177392342949,-0.17033822037487148,pause
0.0196603707812546,-0.1756928582344131,pause
0.021964686276658568,-0.1671853940522673,pause
0.03475528076309351,-0.14334749571648048,pause
0.04675822037368613,-0.1008959365524943,pause
0.044218028926628246,-0.043397946237591176,pause
0.030350880675930763,0.010926143414067694,pause
0.017647328421842558,0.056058919704683706,pause
0.023581023788933293,0.09429675086402715,pause
0.007445392292461054,0.13999608594483054,pause
-0.013129316633988454,0.19117989898989374,reverse
-0.055208314798326,0.21418303803442304,turn_right
-0.049400224024088904,0.2230723268023061,turn_right
-0.08898072805554302,0.23182113476665264,turn_right
-0.08394017698217278,0.2481520632924821,turn_right
-0.07358864070098418,0.2603705206327248,turn_right
-0.06575459902564805,0.26322181880616763,turn_right
-0.00885887430040762,0.25235203432450226,turn_right
0.009622730810932593,0.23467426402263192,turn_right
0.045475983988128715,0.2237824587509598,turn_right
0.05585599355808561,0.21917168804992987,turn_right
0.0406809644798723,0.20961812012944356,turn_right
0.03776615551838278,0.20347729230999426,pause
0.06641374260902312,0.1976691945423788,pause
0.057060376264562195,0.17812739210864767,pause
0.03965345221902663,0.15343688859316218,pause
0.04190258827619332,0.12461332719124425,pause
0.03352436957484732,0.09083321753598682,pause
0.031640233295760406,0.058774566327821194,pause
0.03702784315203435,0.023149595616646538,pause
0.03710464001930805,-0.001745219775950989,pause
0.02324630714869819,-0.0043354017769060395,pause
0.01842405361723253,0.0037605192438427484,pause
0.02037594064102411,0.013935231724546875,pause
0.03073487802564268,0.029858085140001503,pause
0.044464012117432804,0.050432094223378375,pause
0.03969414476758373,0.05855201349753516,pause
0.030768254023477434,0.048794183872354506,pause
0.02921642453774034,0.028425351185969307,pause
0.0360080788514863,0.007725870131569414,pause
0.038427175414748715,-0.01004797060951758,pause
0.039408257780098196,-0.016024384098720035,pause
0.048233008120690465,-0.013701851242078355,pause
0.03991414850186406,-0.023332888756623926,pause
0.04550728649956772,-0.04979943696355577,pause
0.043045056289082444,-0.08137282629728937,pause
0.04256333034760699,-0.08458599163551207,pause
0.03446693812104093,-0.0672592900784857,pause
0.04830262873031498,-0.03790141034359883,pause
0.0657041558080386,-0.013230374148743682,pause
0.04941272638003471,0.0003147739967175748,pause
0.03839230870703452,0.018680380808725746,pause
0.034273429179290264,0.024195083135423345,pause
0.03815536955100613,0.01544023315095469,pause
0.04485747496488641,0.0012816128850056839,pause
0.05446296504162769,-0.01717015372154295,pause
0.04558829040766243,-0.03606787065047793,pause
0.037130183517652286,-0.04804384743522623,pause
0.03700078516365634,-0.04620829405660609,pause
0.03389975558876747,-0.04138166273498136,pause
0.03283060075088869,-0.021014185766841224,pause
0.049438308627572966,-0.004184413201536969,pause
0.06785528792143705,-0.010085949237516597,pause
0.04793486273459948,-0.019568076606659494,pause
0.0452596820991272,-0.018369783045133446,pause
0.051011616842173854,-0.012855945121131092,pause
0.03271408824577214,-0.021196565521818297,pause
0.040088026233304125,-0.027888021946162002,pause
0.06914603910445326,-0.03130928098504921,pause
0.0640152581189526,-0.04303187816729834,pause
0.0713879821861877,-0.05748206329167105,forward
0.05016818033179993,-0.07245357199625922,pause
0.02986410051628668,-0.07689484728476863,pause
0.05203048983998841,-0.06405705470363877,pause
0.05364901267785375,-0.04272613053559608,pause
0.04067410402418282,-0.022162576710077462,pause
0.039265742880486454,-0.010557103243936791,pause
0.037075439177062026,0.006808854209758918,pause
0.032916946108625604,0.0114468389004542,pause
0.01003001818397414,0.016120708801507264,pause
0.0170033914273082,0.026139962591370955,pause
0.010827229073240413,0.038440532753600924,pause
0.0009577730236361681,0.04646849753522639,reverse
-0.006052409623113226,0.053303745919188045,reverse
-0.06318128422764797,0.056695166950258155,reverse
-0.0699078719108294,0.05450267526151495,reverse
-0.08959171866589516,0.052372865220867516,reverse
-0.09295914877571576,0.035631068626602924,reverse
-0.0876234457453884,-0.007605680205522539,reverse
-0.059060435000873907,-0.05057072851891948,reverse
-0.07624512294670047,-0.07883130849556871,reverse
-0.06706983689952625,-0.11021475691126154,reverse
-0.0719034369570657,-0.1498876500332743,reverse
-0.054265505066646555,-0.17348668195190858,reverse
-0.04606158404209365,-0.19421808835217372,reverse
-0.0664314827853734,-0.22392487008136794,turn_left
-0.07283657136910292,-0.253951076719448,turn_left
-0.06234348231822602,-0.26874474819471433,turn_left
-0.052657397038421073,-0.26473095881214,turn_left
-0.02848866494919269,-0.247604068584753,turn_left
-0.001978281734982854,-0.2281912766171087,turn_left
0.03872143674290274,-0.21588796368607602,turn_left
0.026236902467201093,-0.20674521422450243,turn_left
0.037762759197694895,-0.1916371055264504,pause
0.05766307846508119,-0.17055382062376814,pause
0.07468472262720037,-0.13797031625552988,forward
0.0845842217631174,-0.1057576362444392,forward
0.08654239511532219,-0.07369505840352131,forward
0.07683702732094332,-0.019719824199138553,forward
0.04371085917091169,0.04054172141151074,pause
0.07255272453470271,0.09419330548764168,forward
0.05985186398323026,0.12895916096740087,pause
0.05865686300173478,0.14734531963278663,pause
0.08536798877019129,0.1498318132816444,forward
0.0671081685151441,0.1436269163910456,pause
0.0711647740929613,0.13822362513537523,forward
0.056244636341031516,0.12888676454822096,pause
0.05390330643711459,0.11201780600683416,pause
0.06188087955374985,0.0959080450299204,pause
0.03218289125262958,0.08364990090755811,pause
0.020667476845670343,0.0658952571613907,pause
0.025467713502772594,0.0348913641568473,pause
0.011214013270192114,0.005803067545877718,pause
0.021125514721914315,-0.004046714347507175,pause
0.01865396288406308,0.0005574843387026418,pause
0.01321724659912613,0.010206461715412852,pause
0.030198755354439773,0.009751130215610727,pause
0.022729321007961868,-0.008313117807058233,pause
0.016731483380015563,-0.022503480950871523,pause
0.008687111026319012,-0.02510884955963623,pause
0.008482165751513471,-0.02552221562184185,pause
0.02442054011343014,-0.025344075530663045,pause
0.0144342098386043,-0.04568723033434497,pause
0.004969667962097509,-0.06330380414640836,pause
0.006689648859266167,-0.05854253649417758,pause
0.002207998724199999,-0.04145218165247118,pause
0.00305087418422387,-0.018623623982163075,pause
0.012937989652379906,-0.0033163583339319504,pause
0.01761583018511584,0.0019460127398950062,pause
0.004700840967651172,0.006941357568253642,pause
0.00584935132868657,0.02030034272417446,pause
0.0017498435596371117,0.036543315420663976,pause
0.000626949609258395,0.04499505495186529,reverse
0.0002535307943346795,0.046441663424921543,reverse
-0.002092475460708571,0.04548773882343979,reverse
-0.0019795116682255155,0.04003495430447346,reverse
0.0046563015492693755,0.022032916340969936,pause
0.002654291498906678,-0.0008572931608587166,pause
2.7705570354171955e-05,0.0015293095642603335,reverse
-1.2536094416791522e-05,0.01694011424186755,reverse
0.0011458022321213116,0.038186769595434523,pause
0.007025903975052944,0.06543005773866227,pause
0.00538428807362566,0.07953618845214683,pause
0.021763298625485275,0.08853850074315392,pause
0.029453860932465735,0.10279909334156134,pause
0.022973064099903885,0.11304188815570199,pause
0.02635457923464647,0.10512539016100023,pause
0.02446641425090662,0.09234398366875024,pause
0.015169958033616732,0.06512634516035304,pause
0.010937264400300415,0.03536524951407378,pause
0.02301524254880115,0.009484074403826983,pause
0.038315639036572334,-0.007409548475233161,pause
0.01486298412534291,-0.023838918135019958,pause
0.01234062817190652,-0.035999672975369386,pause
0.015447593269044145,-0.032659885873458055,pause
0.017685848581333735,-0.019881558772499468,pause
0.021441453515840026,-0.0036642296287835,pause
0.017491238563261614,0.01444381698135548,pause
0.04389801884398395,0.020220097150254905,pause
0.04419210769341175,0.025942113903838028,pause
0.030109497558338142,0.03131942049211856,pause
0.0260219385072117,0.03209179005067546,pause
0.02619085552177514,0.019223161976327435,pause
0.0307155852249828,-0.003164211503340608,pause
0.022800548995812443,-0.016829856621488812,pause
0.017964283000219735,-0.025067894729567112,pause
0.018307176046708565,-0.03629039819979069,pause
0.040242903157407146,-0.03985322879348826,pause
0.029682762855036324,-0.029666579063380938,pause
0.03724351026281648,-0.011396166503713655,pause
0.04234650237406501,0.0007003826846456708,pause
0.0225453500278457,0.00742132829683382,pause
0.03021230582397744,0.012304848841900235,pause
0.04978468562051581,0.01966507189320089,pause
0.06512556210716385,0.026318137977348638,pause
0.049480609071937964,0.028917872552018897,pause
0.04763556463334873,0.027806598659302496,pause
0.04029295687429925,0.02289125403147758,pause
0.03233979034861139,0.017172777100716064,pause
0.036316518607557385,0.01606039050581638,pause
0.03748889147194903,0.020352127703449355,pause
0.03983473730544807,0.012461267022488686,pause
0.034574333816981356,0.0034211784046103244,pause
0.014578598405819283,0.0071561743909389856,pause
0.01974104127472935,0.015414310745130973,pause
0.026205250867583883,0.023380380153376443,pause
0.01629388282874664,0.03285261634261714,pause
0.001057416463476503,0.045059910677409214,pause
0.0270641892887304,0.049492868696317784,pause
0.025707417456675614,0.04829527049820801,pause
0.010417781678021699,0.04263582716491462,pause
0.010204299790799589,0.03165094582478412,pause
0.02417258005208208,0.0008059292551300297,pause
0.04654627525246369,-0.03139553527538504,pause
0.03596419259627767,-0.04480744656314374,pause
0.022891692396822597,-0.06659102054151524,pause
0.007911387499291081,-0.1063272410632572,pause
0.00018444554322394688,-0.14176931304525084,reverse
-0.0008052723326446409,-0.15818418515744764,reverse
-0.02273170866725911,-0.1660952175407322,reverse
-0.0372714011826783,-0.17227884443502126,reverse
-0.05837267580724284,-0.1617456590024332,reverse
-0.0715652106217724,-0.14212662072441778,reverse
-0.0724173061108886,-0.13202539442495376,reverse
-0.0711079978726137,-0.12020333593094167,reverse
-0.013041927205612109,-0.10812688126826342,reverse
0.0007875521681507983,-0.0995854843062701,reverse
0.021300704042645304,-0.10598366701763733,pause
0.05136484125690632,-0.10599248958921051,pause
0.04197463086027056,-0.08497437082131305,pause
0.06906655807629061,-0.05329473053504553,pause
0.06915099667145262,-0.03739094134910881,pause
0.04842725331910169,-0.02077721731569226,pause
0.022428587202121344,-0.006258691236446551,pause
0.03109768669454481,0.002977797901673307,pause
0.07597299219424691,0.020550313374074893,forward
0.06820633578660412,0.04677174124269801,pause
0.03939642431884905,0.07192681611707487,pause
0.04976143495612914,0.07557990879202636,pause
0.04964928544759633,0.06291394398988624,pause
0.04975117081049601,0.06803570063903185,pause
0.048094974371297054,0.07312467127960491,pause
0.031885051291359864,0.055194898383373235,pause
0.04089732573488274,0.037543476246133085,pause
0.04918859366018693,0.02832079699157587,pause
0.048768659523768236,0.018939344281437683,pause
0.03367711635247145,0.014629253752117188,pause
0.025870914666053825,0.020373809503678623,pause
0.03452489067822052,0.03442396436161995,pause
0.03187636048362683,0.040598619660042044,pause
0.04002591221814427,0.030380419129042657,pause
0.022359897547806335,0.008767688112027173,pause
0.008652256251086302,-0.012454012938556337,pause
0.000538504561643965,-0.031501515612476834,reverse
-0.0014819767370860182,-0.03786796402124186,reverse
-0.013117073544544403,-0.03035337015053112,reverse
-0.03543447190057387,-0.013211085885140764,reverse
-0.042771934323390964,0.004748076382793617,reverse
-0.05339287510276978,0.027352670243974874,reverse
-0.06775587131078004,0.044209196476894114,reverse
-0.06996633395715143,0.055492865029306594,reverse
-0.05315784951340345,0.06905628628029342,reverse
-0.05508675629666992,0.09557490046891207,reverse
-0.05561400685089805,0.11422503467637175,reverse
-0.05540959205936655,0.113806428320084,reverse
-0.04969319275920183,0.09737256995623449,reverse
-0.04927474679116959,0.08674607545015642,reverse
-0.06119844900442915,0.0959767962292286,reverse
-0.057532880466142536,0.10199074239461794,reverse
-0.01731621761753556,0.08949514963051326,reverse
0.0037326506034288578,0.07123029117475216,pause
0.028659214251383413,0.058280133957359696,pause
0.03221816462525031,0.06128474419059795,pause
0.052157122676123914,0.056984591806863036,pause
0.055548902487594184,0.04260181632905782,pause
0.0808634900760571,0.022565640921362262,forward
0.07628634875768849,-0.008405683445800574,forward
0.06573382805571612,-0.038150233340368565,pause
0.05446207115474764,-0.05860264046048241,pause
0.05941978705699514,-0.07028117790270794,pause
0.07703644051431519,-0.08159188745992216,forward
0.052155924866865266,-0.09697691581456187,pause
0.03411928999156543,-0.11123627563853156,pause
0.03558053748829871,-0.12426271487290082,pause
0.05289187706664551,-0.1263135432595491,pause
0.024338923448481334,-0.11644104721943131,pause
0.026049932847413762,-0.0904974474324204,pause
0.033747864216188896,-0.05734139073752883,pause
0.025107541919477328,-0.017071600299559606,pause
0.027431201902427236,0.01403105189472279,pause
0.05904859589924569,0.029480978308315767,pause
0.03604036650492298,0.026014659065647202,pause
0.04585818754695593,0.01479193485436092,pause
0.029954300512701478,0.015219176627766827,pause
0.03686902836672522,0.02054393730829488,pause
0.026958118625463705,0.015917807106602323,pause
0.019167569156701224,0.014091989653536318,pause
0.017145427520375903,0.021082666305714187,pause
0.013027552105002805,0.018262609679297045,pause
0.017717563858510556,-0.0011412317179358064,pause
0.006006691890223961,-0.021743198753461788,pause
0.005309017014032843,-0.04823258095182973,pause
0.020626468243837275,-0.07779008874330391,pause
0.03160136175136988,-0.09934565761184516,pause
0.010253824338713812,-0.11264592179191298,pause
0.006896598260776001,-0.11853134041431078,pause
0.003519034035380447,-0.11875557568506462,pause
0.0027666879970546653,-0.12477243675532597,pause
0.015215990466674068,-0.12580997844976782,pause
0.013643548066687142,-0.12899800782619447,pause
0.0064125459114788156,-0.12498579366565116,pause
0.0040498163054942075,-0.11197974297558909,pause
0.008194953829997588,-0.08740947416530355,pause
0.007855291730989401,-0.0682491399351969,pause
0.016526980555246644,-0.05156233685765303,pause
0.03670237281471401,-0.03271808856710938,pause
0.038822151217982125,-0.009435012827403897,pause
0.03085706286006776,0.009045140254498475,pause
0.039837580057030225,0.026907035747613814,pause
0.04844754275442065,0.0429893596210863,pause
0.034078273492473464,0.05711470275235147,pause
0.04248806954349854,0.06421438566643704,pause
0.04035432661588327,0.07039041361706286,pause
0.040568854161467216,0.0745878345183773,pause
0.037779694604032646,0.07192867795347162,pause
0.07838335334876956,0.06865808913142334,forward
0.03733586100806,0.06497063220991993,pause
0.0407969555988615,0.049517085450217,pause
0.04779804260446187,0.03467490321990464,pause
0.04714289992077065,0.02346469974886628,pause
0.04200181894803395,0.007696725653763021,pause
0.036620150239521865,-0.01283257909274785,pause
0.035622762100526936,-0.02305888933855259,pause
0.036436385289079824,-0.02717166696036181,pause
0.03116570005952984,-0.019535083169698365,pause
0.014517246253788,-0.012855145603684564,pause
0.016400343972582974,-0.00653587428071337,pause
0.00893677418553441,0.0026714907681676015,pause
0.00030211718168392585,0.0115361770122564,reverse
-0.005196829433748632,-0.009227091879089822,reverse
-0.05210494811396136,-0.04878610747805522,reverse
-0.06492663968128438,-0.09623499114473962,reverse
-0.05720325640047554,-0.13706246452880003,reverse
-0.07116137801506053,-0.17040654447349038,reverse
-0.07460401056199709,-0.19278213872233135,reverse
-0.06504172290409484,-0.21917348112765725,turn_left
-0.06509872494391136,-0.2490638719188352,turn_left
-0.06669375327910988,-0.2841091660202934,turn_left
-0.053320953359540686,-0.3255782642956053,turn_left
-0.04191391098264243,-0.35620699182660776,turn_left
-0.05399200568228213,-0.3649668247052096,turn_left
-0.050425442897697854,-0.36041612054641836,turn_left
-0.009751496313837545,-0.3555534182446598,turn_left
0.009034707482702546,-0.3497409811183156,turn_left
0.04222429950808418,-0.33058762951835363,turn_left
0.03969801380833067,-0.30946008759575405,turn_left
0.04328897467172213,-0.2836970240669497,turn_left
0.0378136057193457,-0.249901595652297,turn_left
0.045731811048031784,-0.2104447491572871,turn_left
0.054692177995847004,-0.16540398403323367,pause
0.04670759295950209,-0.12338141001180049,pause
0.004755993664390262,-0.07907826591104793,pause
0.024653003802470232,-0.040861881986500405,pause
0.13585676075290432,0.0011651642312533956,forward
0.07099160697752811,0.04615089761202868,forward
0.06465440015144898,0.08840090644390403,pause
0.05425237226682441,0.11694966435443493,pause
0.03590266913560964,0.1264184155240298,pause
0.030176428303865646,0.12022367511125846,pause
0.0456097061370194,0.1091535727516556,pause
0.04203464947173817,0.10683088307150675,pause
0.040445587861203156,0.10553064298756303,pause
0.05099389637441973,0.09635092819008459,pause
0.05610892562793059,0.06667417492421478,pause
0.0448671878056146,0.027812496249146744,pause
0.03699047523976664,0.006759469520431002,pause
0.04592936922132319,0.00027212082288745554,pause
0.03762700094135441,0.006149293514769541,pause
0.02889172279713153,0.011341441597968249,pause
0.03853105623904212,0.009960772686149224,pause
0.02066234867611824,0.0035061510600273658,pause
0.010679898541949699,-0.01040539625345502,pause
0.011098383392668245,-0.021861577333950805,pause
0.014133442408580608,-0.026079645613230073,pause
0.00854741462733621,-0.0274429718664825,pause
